proc-macro-nested                  ,316396     ,75467     ,1.70
difference                         ,1209375    ,255015    ,1.93
version-compare                    ,3213640    ,656467    ,1.99
net2                               ,1628494    ,330474    ,2.00
iovec                              ,1697529    ,331185    ,2.08
errno-dragonfly                    ,1051725    ,201950    ,2.12
raw-window-handle                  ,4427733    ,846352    ,2.13
clap_complete                      ,5406309    ,1025588   ,2.14
shell-words                        ,6619783    ,1247417   ,2.16
memchr                             ,58452306   ,10821283  ,2.19
platforms                          ,1139742    ,210322    ,2.20
atty                               ,13854188   ,2543278   ,2.21
color-eyre                         ,3390393    ,623224    ,2.21
cfg-if                             ,60606063   ,11098622  ,2.22
quote                              ,72047809   ,13163777  ,2.22
autocfg                            ,59722663   ,10825828  ,2.24
html5ever                          ,3419122    ,620253    ,2.24
libc                               ,70050253   ,12704062  ,2.24
markup5ever                        ,3478815    ,631040    ,2.24
proc-macro2                        ,73248626   ,13302469  ,2.24
serde                              ,63123380   ,11452723  ,2.24
rgb                                ,6155465    ,1113014   ,2.25
pulldown-cmark                     ,3970667    ,713132    ,2.26
unicode-ident                      ,66740100   ,12021499  ,2.26
utf8-ranges                        ,1903052    ,339931    ,2.27
string_cache_codegen               ,3339911    ,596107    ,2.28
itoa                               ,58569075   ,10404783  ,2.29
vte                                ,2611344    ,463059    ,2.29
dirs-sys                           ,14369449   ,2529993   ,2.31
serde_cbor                         ,5082986    ,892399    ,2.31
serde_derive                       ,58860161   ,10349473  ,2.31
serde_json                         ,54374917   ,9577701   ,2.31
futf                               ,3062856    ,535609    ,2.32
option-ext                         ,8663797    ,1515913   ,2.32
syn                                ,110791382  ,19408349  ,2.32
tendril                            ,3070975    ,538601    ,2.32
directories                        ,3271955    ,571068    ,2.33
mac                                ,3056730    ,533323    ,2.33
once_cell                          ,59970902   ,10438237  ,2.33
rayon-core                         ,25630299   ,4472649   ,2.33
crossbeam-deque                    ,29617804   ,5134389   ,2.34
crossbeam-epoch                    ,29849056   ,5191836   ,2.34
num-traits                         ,47829624   ,8296228   ,2.34
ryu                                ,55298985   ,9599026   ,2.34
lazy_static                        ,46233234   ,8001956   ,2.35
regex                              ,50271237   ,8674930   ,2.35
rayon                              ,25745210   ,4438985   ,2.36
termcolor                          ,26004229   ,4467474   ,2.36
bit_field                          ,3667546    ,627538    ,2.37
log                                ,56249145   ,9648848   ,2.37
aho-corasick                       ,49746238   ,8501250   ,2.38
cfg-expr                           ,4530696    ,772107    ,2.38
libssh2-sys                        ,2269019    ,383673    ,2.40
version_check                      ,44769517   ,7580168   ,2.40
bitflags                           ,84874357   ,14276337  ,2.42
crossbeam-utils                    ,40531850   ,6799378   ,2.42
dirs                               ,13698437   ,2295595   ,2.42
dtoa                               ,5236788    ,877787    ,2.42
os_info                            ,2643225    ,441451    ,2.43
smallvec                           ,51169897   ,8548505   ,2.43
cc                                 ,52224106   ,8703685   ,2.44
getopts                            ,5054253    ,842646    ,2.44
kernel32-sys                       ,775133     ,129170    ,2.44
same-file                          ,28703860   ,4773371   ,2.44
walkdir                            ,29531413   ,4886825   ,2.45
fdeflate                           ,8158307    ,1344645   ,2.46
smol_str                           ,6054114    ,1000674   ,2.46
ctor                               ,6758583    ,1109914   ,2.47
ttf-parser                         ,5446003    ,896808    ,2.47
either                             ,47293063   ,7742164   ,2.48
fake-simd                          ,796628     ,130543    ,2.48
pico-args                          ,3746573    ,613462    ,2.48
ppv-lite86                         ,43565495   ,7147506   ,2.48
scopeguard                         ,38574325   ,6312658   ,2.48
image                              ,9864685    ,1609564   ,2.49
lock_api                           ,39158366   ,6367130   ,2.50
weezl                              ,7513503    ,1219184   ,2.50
winapi-build                       ,792300     ,128678    ,2.50
const_fn                           ,4118471    ,667099    ,2.51
fnv                                ,37673917   ,6090342   ,2.51
getrandom                          ,87899335   ,14253609  ,2.51
pin-project-lite                   ,42704211   ,6925361   ,2.51
bytemuck_derive                    ,5761333    ,928470    ,2.52
wasmparser                         ,5732451    ,922325    ,2.52
equivalent                         ,44764922   ,7201671   ,2.53
png                                ,9494954    ,1527468   ,2.53
unicode-width                      ,41553414   ,6679267   ,2.53
wasm-encoder                       ,3872204    ,620846    ,2.53
anstyle                            ,35815246   ,5730315   ,2.54
camino                             ,11545239   ,1850120   ,2.54
clap_builder                       ,37379660   ,5967225   ,2.54
byteorder                          ,38354248   ,6117383   ,2.55
clap                               ,54543395   ,8694944   ,2.55
shlex                              ,38799776   ,6175514   ,2.55
signal-hook                        ,9188298    ,1463381   ,2.55
utf8parse                          ,31973316   ,5092553   ,2.55
error-chain                        ,2753864    ,437048    ,2.56
percent-encoding                   ,37732478   ,5992843   ,2.56
string_cache                       ,7429169    ,1177015   ,2.56
ansi_term                          ,8639566    ,1363468   ,2.57
form_urlencoded                    ,34452221   ,5454202   ,2.57
futures-core                       ,37620141   ,5947505   ,2.57
adler2                             ,28256037   ,4455835   ,2.58
gif                                ,7097206    ,1116295   ,2.58
is_terminal_polyfill               ,26965605   ,4243322   ,2.58
rand_os                            ,2295140    ,360781    ,2.58
regex-syntax                       ,76145389   ,11969518  ,2.58
signal-hook-mio                    ,4726414    ,744840    ,2.58
thiserror                          ,71485855   ,11272592  ,2.58
thiserror-impl                     ,71489102   ,11268446  ,2.58
typenum                            ,37604065   ,5910674   ,2.58
color_quant                        ,6753644    ,1058555   ,2.59
slab                               ,36304837   ,5702550   ,2.59
cargo-platform                     ,10112612   ,1579922   ,2.60
cargo_metadata                     ,11106809   ,1736888   ,2.60
clap_derive                        ,34539102   ,5398599   ,2.60
clap_lex                           ,41942680   ,6551219   ,2.60
errno                              ,41230824   ,6438334   ,2.60
memmap2                            ,15881353   ,2484775   ,2.60
pkg-config                         ,34032535   ,5312797   ,2.60
precomputed-hash                   ,7090231    ,1108398   ,2.60
toml                               ,38531056   ,6021592   ,2.60
anstream                           ,32812238   ,5107468   ,2.61
anstyle-parse                      ,32560403   ,5060016   ,2.61
anyhow                             ,43595529   ,6789537   ,2.61
dialoguer                          ,3901028    ,607482    ,2.61
futures-task                       ,37101678   ,5771475   ,2.61
futures-util                       ,37115919   ,5773368   ,2.61
toml_datetime                      ,32650984   ,5080187   ,2.61
tracing-core                       ,37533117   ,5838137   ,2.61
anstyle-query                      ,32486562   ,5042058   ,2.62
colorchoice                        ,32383828   ,5030853   ,2.62
pin-utils                          ,36117587   ,5607149   ,2.62
tempfile                           ,37355996   ,5791492   ,2.62
tiff                               ,4801468    ,745371    ,2.62
tracing                            ,37240773   ,5779398   ,2.62
url                                ,37226651   ,5780602   ,2.62
bytes                              ,43663363   ,6734934   ,2.63
heapless                           ,5354760    ,827668    ,2.63
miow                               ,1054830    ,162810    ,2.63
nodrop                             ,2323088    ,359297    ,2.63
parking_lot_core                   ,46331675   ,7148347   ,2.63
ron                                ,6615659    ,1023848   ,2.63
serde_spanned                      ,25956909   ,4013241   ,2.63
stable_deref_trait                 ,30685864   ,4748044   ,2.63
textwrap                           ,19819308   ,3065341   ,2.63
futures-sink                       ,36385697   ,5601163   ,2.64
generic-array                      ,36626936   ,5636774   ,2.64
pathdiff                           ,10878535   ,1671541   ,2.64
rand_isaac                         ,2341528    ,359678    ,2.64
unreachable                        ,1347790    ,207308    ,2.64
crc32fast                          ,30462691   ,4669790   ,2.65
flate2                             ,30721863   ,4686320   ,2.66
futures-channel                    ,36210155   ,5526893   ,2.66
futures-io                         ,34793795   ,5322513   ,2.66
indexmap                           ,74807234   ,11410876  ,2.66
parking_lot                        ,45649779   ,6979505   ,2.66
plotters                           ,13428529   ,2050253   ,2.66
block-buffer                       ,41215570   ,6259395   ,2.67
bytesize                           ,5627386    ,855845    ,2.67
crossbeam-channel                  ,24858482   ,3784200   ,2.67
maybe-uninit                       ,1523354    ,231486    ,2.67
oorandom                           ,14783416   ,2246571   ,2.67
plotters-backend                   ,13365418   ,2030675   ,2.67
proc-macro-hack                    ,5495038    ,835795    ,2.67
rand_jitter                        ,2263620    ,344970    ,2.67
regex-automata                     ,71777158   ,10902490  ,2.67
rpassword                          ,2483446    ,377551    ,2.67
tokio                              ,40324878   ,6136704   ,2.67
crypto-common                      ,32751693   ,4962188   ,2.68
digest                             ,42441821   ,6442084   ,2.68
enumflags2                         ,4560731    ,690978    ,2.68
enumflags2_derive                  ,4558740    ,690396    ,2.68
plotters-svg                       ,13317886   ,2018021   ,2.68
strsim                             ,52893759   ,8007444   ,2.68
yaml-rust                          ,5416270    ,821222    ,2.68
zerocopy                           ,57617890   ,8744018   ,2.68
cpufeatures                        ,35866998   ,5426715   ,2.69
icu_normalizer                     ,28527707   ,4301483   ,2.69
icu_provider                       ,28649729   ,4320944   ,2.69
libredox                           ,7672130    ,1159346   ,2.69
rand_chacha                        ,69961823   ,10551760  ,2.69
rustix                             ,56596610   ,8547762   ,2.69
cast                               ,14704876   ,2212939   ,2.70
criterion-plot                     ,14173717   ,2129419   ,2.70
failure                            ,1048622    ,157630    ,2.70
icu_collections                    ,28600590   ,4310990   ,2.70
icu_properties                     ,28739979   ,4330319   ,2.70
synstructure                       ,34620490   ,5204082   ,2.70
tinytemplate                       ,14215205   ,2142826   ,2.70
utf8_iter                          ,27981495   ,4217198   ,2.70
writeable                          ,28661678   ,4320477   ,2.70
zerovec                            ,28838003   ,4346965   ,2.70
zerovec-derive                     ,28739773   ,4324792   ,2.70
displaydoc                         ,29533729   ,4422026   ,2.71
failure_derive                     ,975388     ,146122    ,2.71
idna_adapter                       ,28547330   ,4274237   ,2.71
linux-raw-sys                      ,53250225   ,7987486   ,2.71
yoke                               ,29169921   ,4379782   ,2.71
yoke-derive                        ,29212600   ,4384941   ,2.71
arrayvec                           ,26983907   ,4026618   ,2.72
bytemuck                           ,18673018   ,2784394   ,2.72
globset                            ,11453561   ,1712984   ,2.72
icu_normalizer_data                ,29879029   ,4461265   ,2.72
icu_properties_data                ,30057524   ,4485354   ,2.72
openssl-src                        ,5857143    ,874403    ,2.72
time                               ,37360863   ,5576279   ,2.72
unicode-segmentation               ,23365596   ,3484394   ,2.72
unicode-xid                        ,26542770   ,3957694   ,2.72
jpeg-decoder                       ,6018958    ,894498    ,2.73
proc-macro-error                   ,17690925   ,2634842   ,2.73
rand                               ,77667981   ,11576692  ,2.73
wait-timeout                       ,12630393   ,1879905   ,2.73
console_error_panic_hook           ,3904471    ,578575    ,2.74
dotenv                             ,3689926    ,547325    ,2.74
litemap                            ,30478100   ,4515925   ,2.74
proc-macro-error-attr              ,17631617   ,2615613   ,2.74
rand_core                          ,82262919   ,12182217  ,2.74
rustc-demangle                     ,28017317   ,4154390   ,2.74
thread_local                       ,28307519   ,4198769   ,2.74
tinystr                            ,29627210   ,4390254   ,2.74
zerofrom                           ,29891075   ,4429727   ,2.74
chrono                             ,37410414   ,5519522   ,2.75
filetime                           ,17347067   ,2564766   ,2.75
fxhash                             ,6866656    ,1012840   ,2.75
humansize                          ,3114508    ,459378    ,2.75
miniz_oxide                        ,47633062   ,7026005   ,2.75
num-integer                        ,30665842   ,4529291   ,2.75
os_str_bytes                       ,9161820    ,1355492   ,2.75
rustversion                        ,34096417   ,5035380   ,2.75
sha1_smol                          ,7831539    ,1158288   ,2.75
unicase                            ,17153946   ,2532755   ,2.75
zerofrom-derive                    ,29878912   ,4418798   ,2.75
bumpalo                            ,25235474   ,3720281   ,2.76
dirs-next                          ,8325278    ,1226977   ,2.76
futures-macro                      ,33005306   ,4851098   ,2.76
semver                             ,45555098   ,6713170   ,2.76
tinyvec                            ,30564804   ,4498660   ,2.76
tinyvec_macros                     ,27780075   ,4084185   ,2.76
fastrand                           ,45710358   ,6707693   ,2.77
hashbrown                          ,105985807  ,15555279  ,2.77
tracing-attributes                 ,32447655   ,4761673   ,2.77
ureq                               ,9430706    ,1384081   ,2.77
fs2                                ,3552134    ,519513    ,2.78
native-tls                         ,17252657   ,2519645   ,2.78
time-core                          ,31461516   ,4594670   ,2.78
unicode-normalization              ,23634056   ,3455828   ,2.78
webpki                             ,3304292    ,482706    ,2.78
winapi                             ,19145506   ,2798309   ,2.78
codespan-reporting                 ,8087258    ,1179055   ,2.79
heck                               ,66323633   ,9652524   ,2.79
ndarray                            ,7241421    ,1054571   ,2.79
encoding_rs                        ,25528455   ,3698419   ,2.80
num-conv                           ,28009833   ,4064298   ,2.80
powerfmt                           ,28532815   ,4142702   ,2.80
signal-hook-registry               ,30099545   ,4373964   ,2.80
winapi-util                        ,17049418   ,2477559   ,2.80
backtrace                          ,26801853   ,3876426   ,2.81
iana-time-zone                     ,34152193   ,4942830   ,2.81
is-terminal                        ,21870994   ,3159779   ,2.81
target-lexicon                     ,18767579   ,2708862   ,2.81
toml_edit                          ,45042144   ,6521211   ,2.81
vec_map                            ,8100435    ,1170472   ,2.81
zeroize                            ,31430919   ,4540473   ,2.81
deranged                           ,31143029   ,4488221   ,2.82
keccak                             ,6226326    ,896298    ,2.82
memoffset                          ,35236611   ,5077203   ,2.82
rand_pcg                           ,6553140    ,944566    ,2.82
sha2                               ,38234960   ,5503577   ,2.82
wasm-bindgen                       ,22377971   ,3222698   ,2.82
wasm-bindgen-shared                ,22207337   ,3200253   ,2.82
console                            ,15474920   ,2225350   ,2.83
dlv-list                           ,6101694    ,874519    ,2.83
ordered-multimap                   ,6049735    ,866987    ,2.83
phf_generator                      ,21567593   ,3101143   ,2.83
rust-ini                           ,6350541    ,912879    ,2.83
static_assertions                  ,24436087   ,3513827   ,2.83
wasm-bindgen-backend               ,22340825   ,3209451   ,2.83
wasm-bindgen-macro                 ,22314175   ,3206702   ,2.83
wasm-bindgen-macro-support         ,22321421   ,3206935   ,2.83
bstr                               ,21584654   ,3092836   ,2.84
dirs-sys-next                      ,9388977    ,1344041   ,2.84
ena                                ,4192745    ,600376    ,2.84
futures                            ,33419407   ,4779719   ,2.84
futures-executor                   ,31383616   ,4484438   ,2.84
json5                              ,4695020    ,671565    ,2.84
mime                               ,29810970   ,4261241   ,2.84
mio                                ,44302290   ,6346978   ,2.84
num-format                         ,4608388    ,659061    ,2.84
tracing-appender                   ,5553709    ,794321    ,2.84
winnow                             ,47914550   ,6854792   ,2.84
humantime                          ,24555146   ,3504146   ,2.85
ignore                             ,7901552    ,1127066   ,2.85
jobserver                          ,26440667   ,3771001   ,2.85
miette                             ,3332303    ,475019    ,2.85
miette-derive                      ,3328566    ,473777    ,2.85
redox_users                        ,8702251    ,1238924   ,2.85
sized-chunks                       ,2288357    ,326093    ,2.85
terminal_size                      ,10847761   ,1544107   ,2.85
time-macros                        ,31883872   ,4550512   ,2.85
tokio-native-tls                   ,15681463   ,2238143   ,2.85
winapi-i686-pc-windows-gnu         ,16782761   ,2389342   ,2.85
winapi-x86_64-pc-windows-gnu       ,16875174   ,2405879   ,2.85
windows_i686_gnullvm               ,25597349   ,3648417   ,2.85
addr2line                          ,27924531   ,3960179   ,2.86
cfg_aliases                        ,24694274   ,3506135   ,2.86
curve25519-dalek                   ,10587411   ,1502727   ,2.86
leb128                             ,3231873    ,458503    ,2.86
object                             ,30217374   ,4288799   ,2.86
simd-adler32                       ,12881675   ,1827634   ,2.86
subtle                             ,32810935   ,4666484   ,2.86
tokio-util                         ,34883444   ,4949272   ,2.86
bs58                               ,4457254    ,631320    ,2.87
gimli                              ,29744325   ,4211152   ,2.87
indoc                              ,17703111   ,2510112   ,2.87
owo-colors                         ,9675890    ,1370441   ,2.87
vcpkg                              ,23949284   ,3384886   ,2.87
float-cmp                          ,6878724    ,970116    ,2.88
half                               ,26635638   ,3763613   ,2.88
httparse                           ,33645518   ,4742464   ,2.88
io-lifetimes                       ,7584258    ,1068305   ,2.88
opaque-debug                       ,14194825   ,2000198   ,2.88
phf_shared                         ,25541452   ,3597044   ,2.88
serde_repr                         ,9691509    ,1368089   ,2.88
sha3                               ,6952222    ,979832    ,2.88
curl-sys                           ,2190137    ,308056    ,2.89
icu_provider_macros                ,23496140   ,3300113   ,2.89
matrixmultiply                     ,8318020    ,1169432   ,2.89
openssl-sys                        ,22782063   ,3205151   ,2.89
phf                                ,22825784   ,3213217   ,2.89
serde_urlencoded                   ,26781666   ,3768246   ,2.89
tokio-macros                       ,33290458   ,4679657   ,2.89
utf16_iter                         ,23491603   ,3300332   ,2.89
write16                            ,23486010   ,3298458   ,2.89
icu_locid                          ,23496153   ,3291974   ,2.90
icu_locid_transform                ,23401322   ,3278917   ,2.90
nix                                ,35429118   ,4959521   ,2.90
num-bigint                         ,28383220   ,3974444   ,2.90
quick-error                        ,18848712   ,2642811   ,2.90
rawpointer                         ,7640212    ,1069062   ,2.90
hex                                ,30939189   ,4319075   ,2.91
js-sys                             ,21151344   ,2952205   ,2.91
async-signal                       ,6899850    ,958930    ,2.92
ed25519                            ,8915101    ,1240475   ,2.92
glob                               ,30174593   ,4200778   ,2.92
icu_locid_transform_data           ,24809633   ,3453550   ,2.92
idna                               ,45170140   ,6275239   ,2.92
nom                                ,32251448   ,4485074   ,2.92
nu-ansi-term                       ,26214465   ,3652328   ,2.92
relative-path                      ,5405489    ,750816    ,2.92
socket2                            ,45847463   ,6383010   ,2.92
num_cpus                           ,25712057   ,3570030   ,2.93
rustc_version                      ,34519447   ,4794288   ,2.93
siphasher                          ,25561781   ,3543126   ,2.93
tower-service                      ,29916777   ,4141631   ,2.93
unicode-bidi                       ,18923734   ,2620201   ,2.93
windows-targets                    ,48728171   ,6749458   ,2.93
windows_x86_64_msvc                ,50430440   ,6985336   ,2.93
async-trait                        ,31075876   ,4297327   ,2.94
byte-slice-cast                    ,3396765    ,469981    ,2.94
enum-iterator                      ,2828774    ,391018    ,2.94
enum-iterator-derive               ,2849369    ,394279    ,2.94
scoped-tls                         ,10519276   ,1452548   ,2.94
uint                               ,3898629    ,537852    ,2.94
allocator-api2                     ,25069886   ,3453336   ,2.95
parity-scale-codec                 ,3164636    ,435964    ,2.95
paste                              ,27525977   ,3785963   ,2.95
phf_macros                         ,12818903   ,1767103   ,2.95
sharded-slab                       ,25007748   ,3441206   ,2.95
async-process                      ,8251893    ,1131501   ,2.96
bitmaps                            ,2655907    ,364759    ,2.96
curl                               ,2033395    ,278869    ,2.96
instant                            ,15951880   ,2187826   ,2.96
normalize-line-endings             ,4997072    ,684925    ,2.96
colored                            ,12957340   ,1773557   ,2.97
mime_guess                         ,13162956   ,1802573   ,2.97
new_debug_unreachable              ,9939356    ,1357572   ,2.97
password-hash                      ,5315095    ,728183    ,2.97
safemem                            ,1422639    ,194567    ,2.97
unindent                           ,13482654   ,1844121   ,2.97
ahash                              ,37667892   ,5138103   ,2.98
anes                               ,12598997   ,1717081   ,2.98
ark-std                            ,5272136    ,718636    ,2.98
ipnet                              ,27074927   ,3686576   ,2.98
lalrpop                            ,4052509    ,551768    ,2.98
overload                           ,23247347   ,3173469   ,2.98
parity-scale-codec-derive          ,3142331    ,427695    ,2.98
rand_xorshift                      ,13920387   ,1894809   ,2.98
sha1                               ,22718845   ,3095453   ,2.98
tracing-subscriber                 ,26803037   ,3652253   ,2.98
try-lock                           ,29722951   ,4045507   ,2.98
want                               ,29543723   ,4029991   ,2.98
zip                                ,14375907   ,1960752   ,2.98
ark-ff-asm                         ,5257234    ,714872    ,2.99
ark-ff-macros                      ,5257135    ,714865    ,2.99
ark-serialize                      ,5261169    ,715334    ,2.99
arrayref                           ,11720317   ,1591937   ,2.99
config                             ,6796551    ,923645    ,2.99
libm                               ,23592274   ,3208271   ,2.99
openssl                            ,20643566   ,2804171   ,2.99
ark-ff                             ,5249133    ,710834    ,3.00
foreign-types                      ,22302516   ,3022010   ,3.00
foreign-types-shared               ,22306873   ,3022260   ,3.00
similar                            ,10716471   ,1450770   ,3.00
windows_aarch64_msvc               ,48307229   ,6539088   ,3.00
windows_i686_gnu                   ,48198664   ,6524919   ,3.00
windows_i686_msvc                  ,48288219   ,6548594   ,3.00
windows_x86_64_gnu                 ,48721853   ,6598464   ,3.00
env_logger                         ,31294602   ,4222612   ,3.01
fiat-crypto                        ,5295575    ,713659    ,3.01
pyo3                               ,13445168   ,1815978   ,3.01
web-sys                            ,17319631   ,2334767   ,3.01
windows_aarch64_gnullvm            ,46677033   ,6305477   ,3.01
windows_x86_64_gnullvm             ,46680547   ,6307828   ,3.01
diff                               ,11503666   ,1546279   ,3.02
httpdate                           ,26522744   ,3573587   ,3.02
phf_codegen                        ,14581712   ,1962506   ,3.02
pyo3-build-config                  ,15369433   ,2067762   ,3.02
ciborium                           ,13913918   ,1866289   ,3.03
ciborium-io                        ,13918389   ,1866388   ,3.03
ciborium-ll                        ,13906544   ,1864456   ,3.03
crunchy                            ,20356866   ,2728032   ,3.03
num_threads                        ,12573205   ,1685824   ,3.03
pretty_assertions                  ,10697001   ,1432483   ,3.03
pyo3-macros                        ,13307890   ,1781867   ,3.03
pyo3-macros-backend                ,13309970   ,1782469   ,3.03
adler                              ,13147962   ,1754544   ,3.04
base64                             ,80398723   ,10730873  ,3.04
criterion                          ,16398681   ,2193425   ,3.04
k256                               ,3932991    ,525279    ,3.04
pyo3-ffi                           ,13081208   ,1747997   ,3.04
rustc-hash                         ,41232442   ,5516797   ,3.04
serde-wasm-bindgen                 ,6035724    ,806212    ,3.04
term                               ,6522005    ,872422    ,3.04
windows-strings                    ,18674667   ,2495463   ,3.04
anstyle-wincon                     ,15906177   ,2120986   ,3.05
approx                             ,8158711    ,1087352   ,3.05
atomic-waker                       ,22468767   ,2989018   ,3.05
enum_dispatch                      ,3648615    ,486212    ,3.05
hyper-tls                          ,18877112   ,2515269   ,3.05
ident_case                         ,24010383   ,3200834   ,3.05
openssl-probe                      ,26175178   ,3482274   ,3.05
rand_xoshiro                       ,4848308    ,646053    ,3.05
base-x                             ,1927406    ,256133    ,3.06
env_filter                         ,13007623   ,1727109   ,3.06
include_dir                        ,3491107    ,463652    ,3.06
matches                            ,6971976    ,925004    ,3.06
openssl-macros                     ,19214403   ,2550865   ,3.06
rustls-pki-types                   ,26995258   ,3580165   ,3.06
tar                                ,10957022   ,1454415   ,3.06
ed25519-dalek                      ,8202158    ,1084006   ,3.07
http                               ,50121713   ,6632204   ,3.07
warp                               ,2304736    ,304857    ,3.07
byte-tools                         ,1360006    ,179568    ,3.08
home                               ,22895216   ,3018780   ,3.08
minimal-lexical                    ,27382795   ,3609719   ,3.08
quick-xml                          ,24139953   ,3189204   ,3.08
bit-set                            ,21129733   ,2778679   ,3.09
itertools                          ,90455545   ,11879164  ,3.09
portable-atomic                    ,22698230   ,2988671   ,3.09
tracing-log                        ,26034359   ,3420357   ,3.09
arc-swap                           ,15557238   ,2036805   ,3.10
blake3                             ,8971752    ,1175878   ,3.10
hash32                             ,8025147    ,1052413   ,3.10
yansi                              ,13793558   ,1808284   ,3.10
brotli-decompressor                ,14540833   ,1900541   ,3.11
doc-comment                        ,8602782    ,1124390   ,3.11
matchers                           ,22170941   ,2900184   ,3.11
uuid                               ,37203705   ,4862601   ,3.11
cxxbridge-flags                    ,5317325    ,691954    ,3.12
alloc-no-stdlib                    ,12626899   ,1640899   ,3.13
alloc-stdlib                       ,12604690   ,1637981   ,3.13
bit-vec                            ,22257925   ,2890424   ,3.13
concurrent-queue                   ,18090540   ,2351098   ,3.13
protobuf                           ,6990859    ,907982    ,3.13
redis                              ,5642065    ,731720    ,3.13
rusqlite                           ,3374931    ,438728    ,3.13
scratch                            ,5105234    ,662760    ,3.13
tower-layer                        ,24621350   ,3191446   ,3.13
wasm-bindgen-futures               ,15500282   ,2010851   ,3.13
windows-core                       ,24606144   ,3197306   ,3.13
bitvec                             ,15613866   ,2022578   ,3.14
cxx                                ,5463288    ,707076    ,3.14
cxxbridge-macro                    ,5465915    ,706103    ,3.14
indicatif                          ,10307264   ,1334318   ,3.14
lalrpop-util                       ,4598107    ,594386    ,3.14
link-cplusplus                     ,5493265    ,710611    ,3.14
radium                             ,15569669   ,2012603   ,3.14
zerocopy-derive                    ,34564508   ,4473755   ,3.14
cxx-build                          ,5192941    ,669412    ,3.15
fixed-hash                         ,2766720    ,356822    ,3.15
funty                              ,15450229   ,1991286   ,3.15
parking                            ,17682871   ,2282118   ,3.15
valuable                           ,14254647   ,1836221   ,3.15
xattr                              ,11502849   ,1481669   ,3.15
zstd-sys                           ,18932955   ,2438765   ,3.15
async-lock                         ,16509604   ,2123137   ,3.16
constant_time_eq                   ,15874492   ,2037965   ,3.16
core-foundation-sys                ,19161790   ,2459788   ,3.16
crossterm                          ,9440556    ,1213438   ,3.16
derivative                         ,11110219   ,1428608   ,3.16
libloading                         ,24303644   ,3123003   ,3.16
number_prefix                      ,10195188   ,1310957   ,3.16
redox_syscall                      ,32053963   ,4120925   ,3.16
wyz                                ,15490173   ,1994052   ,3.16
async-task                         ,11631707   ,1491953   ,3.17
borsh                              ,10042727   ,1286095   ,3.17
num-complex                        ,19380330   ,2481723   ,3.17
ring                               ,37368974   ,4792153   ,3.17
tap                                ,15718822   ,2014034   ,3.17
unicode-linebreak                  ,6468811    ,827653    ,3.18
cpp_demangle                       ,5476496    ,696878    ,3.19
curve25519-dalek-derive            ,8022028    ,1021656   ,3.19
hermit-abi                         ,31272661   ,3987177   ,3.19
hmac                               ,26119117   ,3327781   ,3.19
wasi                               ,42460214   ,5404740   ,3.19
windows-result                     ,20869627   ,2657046   ,3.19
yasna                              ,3108035    ,395742    ,3.19
hyper                              ,45255323   ,5745164   ,3.20
proptest                           ,11266708   ,1431379   ,3.20
sha-1                              ,5283737    ,670603    ,3.20
utf-8                              ,11897105   ,1511846   ,3.20
windows-sys                        ,60757390   ,7718234   ,3.20
atomic                             ,4283491    ,542674    ,3.21
blocking                           ,11212600   ,1419923   ,3.21
foldhash                           ,19494244   ,2466064   ,3.21
http-body                          ,43633541   ,5516991   ,3.21
nalgebra                           ,5928731    ,749617    ,3.21
pin-project                        ,27653176   ,3496819   ,3.21
pin-project-internal               ,27620821   ,3493454   ,3.21
untrusted                          ,36157768   ,4577556   ,3.21
crypto-mac                         ,5038160    ,634828    ,3.22
ctrlc                              ,7671246    ,966922    ,3.22
proc-macro-crate                   ,26759531   ,3378856   ,3.22
windows-implement                  ,15091278   ,1903821   ,3.22
data-encoding                      ,19255751   ,2424769   ,3.23
gethostname                        ,6335793    ,796685    ,3.23
lzma-sys                           ,4991155    ,628284    ,3.23
num-rational                       ,20048371   ,2524979   ,3.23
xml-rs                             ,7744932    ,973276    ,3.23
git2                               ,6102895    ,764904    ,3.24
h2                                 ,40512109   ,5072349   ,3.24
libgit2-sys                        ,6045885    ,758841    ,3.24
rcgen                              ,3215655    ,402917    ,3.24
simba                              ,4553842    ,571742    ,3.24
xz2                                ,4952963    ,621691    ,3.24
derive_more-impl                   ,12121881   ,1513480   ,3.25
dunce                              ,14205351   ,1775017   ,3.25
http-body-util                     ,25730107   ,3215308   ,3.25
pest                               ,17165224   ,2146872   ,3.25
windows-interface                  ,14907592   ,1861777   ,3.25
assert_cmd                         ,4948702    ,615782    ,3.26
async-recursion                    ,9681260    ,1206386   ,3.26
block-padding                      ,6339051    ,789521    ,3.26
bzip2                              ,9493106    ,1181324   ,3.26
indenter                           ,6959774    ,866593    ,3.26
insta                              ,5913288    ,736907    ,3.26
primeorder                         ,6329943    ,788869    ,3.26
rustls-pemfile                     ,37633328   ,4687038   ,3.26
async-executor                     ,9360773    ,1162491   ,3.27
ctr                                ,7777029    ,966666    ,3.27
derive_more                        ,25646166   ,3185588   ,3.27
eyre                               ,6826210    ,848003    ,3.27
fs-err                             ,7066545    ,876791    ,3.27
inotify                            ,7093860    ,880809    ,3.27
libz-sys                           ,13510979   ,1678201   ,3.27
piper                              ,10440558   ,1296495   ,3.27
ucd-trie                           ,16551261   ,2055634   ,3.27
android_system_properties          ,14980204   ,1854950   ,3.28
core-foundation                    ,19762598   ,2448066   ,3.28
aead                               ,7801783    ,961950    ,3.29
bzip2-sys                          ,11306320   ,1394574   ,3.29
spin                               ,29724142   ,3669515   ,3.29
zstd                               ,21331839   ,2630369   ,3.29
findshlibs                         ,5015676    ,617124    ,3.30
hyper-util                         ,25892443   ,3190237   ,3.30
inotify-sys                        ,6583828    ,809416    ,3.30
notify                             ,6533523    ,804202    ,3.30
polling                            ,15846521   ,1950396   ,3.30
zstd-safe                          ,21741115   ,2672850   ,3.30
crossbeam                          ,5359067    ,658122    ,3.31
linked-hash-map                    ,13742063   ,1687470   ,3.31
pest_meta                          ,15436151   ,1894326   ,3.31
universal-hash                     ,7682849    ,944068    ,3.31
arbitrary                          ,9945347    ,1216230   ,3.32
base64ct                           ,19332383   ,2366802   ,3.32
fallible-streaming-iterator        ,4426776    ,542262    ,3.32
iana-time-zone-haiku               ,14489598   ,1772597   ,3.32
pest_derive                        ,15466738   ,1890546   ,3.32
pest_generator                     ,15392773   ,1885424   ,3.32
rstest                             ,6358308    ,777050    ,3.32
assert_matches                     ,3757315    ,459027    ,3.33
async-io                           ,13969820   ,1706417   ,3.33
combine                            ,12998536   ,1585491   ,3.33
polyval                            ,6754245    ,823789    ,3.33
reqwest                            ,33231066   ,4058700   ,3.33
standback                          ,1270009    ,155044    ,3.33
tiny-keccak                        ,14420234   ,1758814   ,3.33
csv                                ,12005924   ,1460512   ,3.34
ff                                 ,12882680   ,1567893   ,3.34
group                              ,12440178   ,1513125   ,3.34
num-derive                         ,11413178   ,1386142   ,3.34
rand_hc                            ,8562970    ,1042822   ,3.34
sync_wrapper                       ,35919814   ,4373809   ,3.34
deunicode                          ,2925427    ,354958    ,3.35
dyn-clone                          ,16167491   ,1961323   ,3.35
ecdsa                              ,11986256   ,1454048   ,3.35
elliptic-curve                     ,12148030   ,1472248   ,3.35
hex-literal                        ,3627879    ,439825    ,3.35
num-iter                           ,19028094   ,2307000   ,3.35
downcast-rs                        ,8044619    ,972896    ,3.36
futures-lite                       ,21169741   ,2558035   ,3.36
rfc6979                            ,11731484   ,1419146   ,3.36
rstest_macros                      ,6190574    ,748953    ,3.36
rusty-fork                         ,10134959   ,1225685   ,3.36
secp256k1                          ,3128164    ,378086    ,3.36
webpki-roots                       ,33515388   ,4052249   ,3.36
zeroize_derive                     ,13631447   ,1646735   ,3.36
csv-core                           ,12118056   ,1459152   ,3.37
maplit                             ,9118665    ,1099171   ,3.37
primitive-types                    ,3298878    ,397255    ,3.37
android-tzdata                     ,14402603   ,1729751   ,3.38
fallible-iterator                  ,11062019   ,1328341   ,3.38
reqwest-middleware                 ,5970379    ,717387    ,3.38
crypto-bigint                      ,15160709   ,1815031   ,3.39
quinn-proto                        ,15126850   ,1810536   ,3.39
serde_yaml                         ,20414453   ,2447623   ,3.39
unsigned-varint                    ,3156892    ,378326    ,3.39
void                               ,6339197    ,759413    ,3.39
aes                                ,14629764   ,1750414   ,3.40
base16ct                           ,12470500   ,1489925   ,3.40
pbkdf2                             ,12382552   ,1480072   ,3.40
quinn                              ,14999563   ,1791039   ,3.40
tower                              ,37632949   ,4492198   ,3.40
signature                          ,21273924   ,2535043   ,3.41
async-compression                  ,11721526   ,1391482   ,3.42
cipher                             ,16816098   ,1996810   ,3.42
const-oid                          ,18312509   ,2174394   ,3.42
quinn-udp                          ,15206665   ,1805560   ,3.42
time-macros-impl                   ,1251417    ,148486    ,3.42
const-random-macro                 ,11250578   ,1330883   ,3.43
fixedbitset                        ,26277178   ,3109976   ,3.43
impl-codec                         ,3076435    ,364696    ,3.43
inout                              ,14549625   ,1725474   ,3.43
pkcs8                              ,21941131   ,2599125   ,3.43
remove_dir_all                     ,4948919    ,586761    ,3.43
stacker                            ,5703258    ,675024    ,3.43
tokio-stream                       ,22332591   ,2646398   ,3.43
unarray                            ,10142518   ,1202850   ,3.43
const-random                       ,11311412   ,1335634   ,3.44
der                                ,23781391   ,2805457   ,3.44
bincode                            ,17169806   ,2021408   ,3.45
darling                            ,32192025   ,3793635   ,3.45
darling_core                       ,32199433   ,3795559   ,3.45
darling_macro                      ,32188365   ,3792921   ,3.45
petgraph                           ,26454152   ,3114131   ,3.45
psm                                ,6543870    ,770388    ,3.45
rustls                             ,47273240   ,5570541   ,3.45
sec1                               ,11999238   ,1413603   ,3.45
secp256k1-sys                      ,3029279    ,356661    ,3.45
spki                               ,22493364   ,2649420   ,3.45
waker-fn                           ,9490575    ,1117971   ,3.45
web-time                           ,13156362   ,1547492   ,3.45
async-channel                      ,23044751   ,2706214   ,3.46
rustls-webpki                      ,43145568   ,5052687   ,3.47
windows                            ,20511124   ,2402041   ,3.47
aes-gcm                            ,5677621    ,662333    ,3.48
brotli                             ,15871452   ,1852686   ,3.48
event-listener                     ,33167265   ,3871131   ,3.48
ghash                              ,5772359    ,674234    ,3.48
crossbeam-queue                    ,14073462   ,1640250   ,3.49
uncased                            ,2744215    ,319121    ,3.49
security-framework                 ,17413412   ,2020821   ,3.50
unsafe-libyaml                     ,17058739   ,1978712   ,3.50
x25519-dalek                       ,2753088    ,319900    ,3.50
clang-sys                          ,16757744   ,1937401   ,3.51
multihash                          ,2611221    ,302626    ,3.51
cexpr                              ,16497399   ,1896983   ,3.53
dashmap                            ,19812050   ,2280684   ,3.53
security-framework-sys             ,14243094   ,1640129   ,3.53
async-broadcast                    ,5768044    ,662229    ,3.54
cbindgen                           ,6824316    ,783629    ,3.54
encode_unicode                     ,10109288   ,1159265   ,3.54
hyper-rustls                       ,34545761   ,3968592   ,3.54
prettyplease                       ,25207383   ,2889284   ,3.54
schannel                           ,13922382   ,1596549   ,3.54
borsh-derive                       ,8277630    ,948539    ,3.55
event-listener-strategy            ,17342837   ,1987318   ,3.55
lazycell                           ,14342909   ,1641492   ,3.55
threadpool                         ,6599357    ,754338    ,3.55
derive_arbitrary                   ,8316854    ,945320    ,3.57
derive_builder                     ,10764569   ,1224846   ,3.57
derive_builder_core                ,10761525   ,1224475   ,3.57
windows-registry                   ,10450385   ,1189736   ,3.57
infer                              ,7824982    ,886922    ,3.58
pem-rfc7468                        ,16268924   ,1847804   ,3.58
chacha20                           ,3384082    ,381512    ,3.60
lexical-core                       ,8012227    ,904164    ,3.60
prometheus                         ,5382604    ,607679    ,3.60
sct                                ,14561610   ,1644900   ,3.60
crc-catalog                        ,11809393   ,1330563   ,3.61
semver-parser                      ,8458833    ,950734    ,3.61
crc                                ,12839511   ,1439394   ,3.62
derive_builder_macro               ,10508488   ,1179065   ,3.62
chacha20poly1305                   ,2934417    ,328612    ,3.63
smawk                              ,5778212    ,645863    ,3.63
convert_case                       ,27012178   ,3012624   ,3.64
lru                                ,15694929   ,1749725   ,3.64
poly1305                           ,3519997    ,392584    ,3.64
rsa                                ,14150656   ,1577204   ,3.64
tokio-rustls                       ,41250932   ,4597688   ,3.64
md-5                               ,15729326   ,1751483   ,3.65
pkcs1                              ,13722500   ,1528029   ,3.65
sysinfo                            ,10310742   ,1146680   ,3.65
tracing-serde                      ,15325985   ,1707928   ,3.65
base64-simd                        ,6929024    ,769225    ,3.66
schemars                           ,9819233    ,1089581   ,3.66
cookie                             ,9986775    ,1106874   ,3.67
futures-timer                      ,10931079   ,1208429   ,3.67
num                                ,13643599   ,1509276   ,3.67
difflib                            ,7909649    ,874144    ,3.68
inventory                          ,8266594    ,911561    ,3.68
snafu                              ,8658175    ,955330    ,3.68
snafu-derive                       ,8657938    ,955333    ,3.68
predicates-tree                    ,10704371   ,1177104   ,3.69
schemars_derive                    ,9700729    ,1067472   ,3.69
matchit                            ,22986961   ,2521458   ,3.70
pem                                ,16695364   ,1834315   ,3.70
predicates-core                    ,10738320   ,1177521   ,3.70
serde_bytes                        ,11883229   ,1305618   ,3.70
take_mut                           ,2166406    ,238076    ,3.70
urlencoding                        ,14458293   ,1587215   ,3.70
twox-hash                          ,16002305   ,1753584   ,3.71
hashlink                           ,15413366   ,1683536   ,3.72
http-range-header                  ,5615259    ,613424    ,3.72
p256                               ,9812182    ,1071968   ,3.72
strum_macros                       ,34475316   ,3767125   ,3.72
wasm-streams                       ,8723914    ,951926    ,3.72
bindgen                            ,23160710   ,2517398   ,3.74
hkdf                               ,13541820   ,1470218   ,3.74
ref-cast                           ,5331446    ,578541    ,3.74
ref-cast-impl                      ,5331565    ,578455    ,3.74
serde-value                        ,8969792    ,975364    ,3.74
unicode-properties                 ,8721190    ,947639    ,3.74
serde_path_to_error                ,13983319   ,1515743   ,3.75
test-log                           ,6649738    ,721030    ,3.75
async-stream                       ,17895187   ,1934353   ,3.76
async-stream-impl                  ,17874017   ,1929667   ,3.76
moka                               ,7318794    ,789759    ,3.76
predicates                         ,11978596   ,1292887   ,3.76
termtree                           ,10613558   ,1147489   ,3.76
xmlparser                          ,6154023    ,664328    ,3.76
blake2                             ,7915179    ,852201    ,3.77
strum                              ,33827091   ,3647663   ,3.77
tagptr                             ,7426260    ,799728    ,3.77
which                              ,20471167   ,2205939   ,3.77
winreg                             ,9991723    ,1076007   ,3.77
simdutf8                           ,9646773    ,1035756   ,3.78
blake2b_simd                       ,2889494    ,308741    ,3.80
bytecount                          ,7136496    ,762244    ,3.80
serde_derive_internals             ,10656449   ,1139396   ,3.80
adler32                            ,6256178    ,667218    ,3.81
globwalk                           ,5199497    ,554118    ,3.81
tokio-tungstenite                  ,11998325   ,1280047   ,3.81
tungstenite                        ,13395343   ,1426001   ,3.82
slotmap                            ,5812111    ,612114    ,3.86
os_pipe                            ,5294346    ,555906    ,3.87
unicode_categories                 ,7193532    ,754509    ,3.87
num-bigint-dig                     ,11681154   ,1219104   ,3.89
rand_distr                         ,9000051    ,939009    ,3.89
regex-lite                         ,10936318   ,1139300   ,3.90
tikv-jemalloc-sys                  ,7465573    ,778339    ,3.90
debugid                            ,8950923    ,929463    ,3.91
language-tags                      ,5230988    ,543871    ,3.91
lz4-sys                            ,7354526    ,764738    ,3.91
aws-sdk-sso                        ,5371815    ,556448    ,3.92
castaway                           ,6268077    ,649885    ,3.92
cesu8                              ,7473658    ,773356    ,3.93
typed-arena                        ,4987498    ,515666    ,3.93
const_format                       ,9532592    ,983751    ,3.94
const_format_proc_macros           ,9525682    ,981758    ,3.94
jni-sys                            ,7549179    ,778519    ,3.94
nibble_vec                         ,5099924    ,525673    ,3.94
radix_trie                         ,5101658    ,526427    ,3.94
triomphe                           ,5776108    ,595846    ,3.94
value-bag                          ,8083069    ,833947    ,3.94
aws-sigv4                          ,6111405    ,628934    ,3.95
aws-smithy-types                   ,6149679    ,631911    ,3.95
aws-smithy-xml                     ,5788323    ,596038    ,3.95
endian-type                        ,5096393    ,524417    ,3.95
seq-macro                          ,6395427    ,655599    ,3.96
simple_asn1                        ,10347327   ,1061844   ,3.96
aws-smithy-async                   ,6062851    ,619666    ,3.97
aws-smithy-runtime                 ,5889654    ,603328    ,3.97
rustls-native-certs                ,28629968   ,2927726   ,3.97
serde_qs                           ,7312414    ,748058    ,3.97
aws-config                         ,5750991    ,586547    ,3.98
aws-runtime                        ,5859112    ,598593    ,3.98
aws-sdk-sts                        ,5813591    ,593406    ,3.98
aws-smithy-runtime-api             ,5881827    ,600534    ,3.98
aws-types                          ,6063294    ,619013    ,3.98
rmp-serde                          ,8684959    ,886618    ,3.98
aws-smithy-query                   ,5503843    ,559743    ,3.99
jsonwebtoken                       ,10552377   ,1074145   ,3.99
libsqlite3-sys                     ,9599283    ,977897    ,3.99
publicsuffix                       ,2219270    ,225684    ,3.99
ascii                              ,5120690    ,520371    ,4.00
outref                             ,8306250    ,844157    ,4.00
tikv-jemallocator                  ,7226128    ,734183    ,4.00
aws-credential-types               ,5986220    ,605873    ,4.01
actix-web                          ,4841274    ,489653    ,4.02
aws-smithy-http                    ,7512999    ,758588    ,4.02
rmp                                ,9165133    ,926174    ,4.02
serde_with                         ,20858376   ,2101185   ,4.03
slog                               ,2045056    ,206381    ,4.03
aws-smithy-json                    ,7030516    ,707037    ,4.04
actix-http                         ,4810949    ,482381    ,4.05
procfs                             ,3920558    ,393131    ,4.05
rkyv                               ,7636668    ,765810    ,4.05
rkyv_derive                        ,7633386    ,764876    ,4.05
auto_impl                          ,5182090    ,518451    ,4.06
multimap                           ,16401019   ,1642377   ,4.06
whoami                             ,10393270   ,1041121   ,4.06
cmake                              ,12399367   ,1237678   ,4.07
nohash-hasher                      ,4846911    ,483678    ,4.07
serde_with_macros                  ,20614979   ,2053817   ,4.08
axum-core                          ,24911095   ,2476954   ,4.09
bytecheck                          ,7109743    ,706691    ,4.09
bytecheck_derive                   ,7108984    ,706423    ,4.09
bytes-utils                        ,6509044    ,645889    ,4.09
axum                               ,25054736   ,2482828   ,4.10
system-configuration               ,13026631   ,1291702   ,4.10
system-configuration-sys           ,13017180   ,1288372   ,4.10
actix-rt                           ,4931409    ,486997    ,4.11
lexical-write-float                ,6536896    ,646560    ,4.11
lexical-write-integer              ,6537552    ,646460    ,4.11
actix-server                       ,4778100    ,471505    ,4.12
num_enum                           ,15256533   ,1501805   ,4.13
num_enum_derive                    ,15253990   ,1501005   ,4.13
assert-json-diff                   ,8421155    ,827190    ,4.14
bigdecimal                         ,7618002    ,747054    ,4.14
rusticata-macros                   ,9050189    ,888741    ,4.14
asn1-rs-impl                       ,9266069    ,907541    ,4.15
http-types                         ,5513084    ,539426    ,4.15
ordered-float                      ,22778511   ,2231813   ,4.15
serial_test                        ,9390056    ,919887    ,4.15
prost-types                        ,25397229   ,2482241   ,4.16
serial_test_derive                 ,9308336    ,909284    ,4.16
Inflector                          ,6063945    ,591311    ,4.17
actix-service                      ,4743181    ,461976    ,4.17
asn1-rs                            ,10005034   ,975518    ,4.17
der-parser                         ,9928814    ,966969    ,4.17
enum-as-inner                      ,7811165    ,760857    ,4.17
prost                              ,31912545   ,3109229   ,4.17
prost-derive                       ,31832539   ,3099183   ,4.17
vsimd                              ,7394532    ,720259    ,4.17
asn1-rs-derive                     ,9971647    ,969367    ,4.18
oid-registry                       ,9860254    ,958435    ,4.18
rend                               ,6977330    ,678042    ,4.18
actix-codec                        ,4735895    ,459221    ,4.19
actix-utils                        ,4717455    ,457318    ,4.19
hdrhistogram                       ,7905015    ,766001    ,4.19
async-std                          ,6776784    ,655509    ,4.20
x509-parser                        ,9805933    ,947840    ,4.20
actix-router                       ,4706031    ,454363    ,4.21
bytestring                         ,4832952    ,466005    ,4.21
fs_extra                           ,11869875   ,1144219   ,4.21
peeking_take_while                 ,6928860    ,666059    ,4.23
atoi                               ,9435582    ,903354    ,4.24
erased-serde                       ,12121386   ,1162752   ,4.24
hostname                           ,10797573   ,1032144   ,4.25
parse-zoneinfo                     ,7401742    ,707451    ,4.25
actix-web-codegen                  ,4616967    ,440103    ,4.26
async-global-executor              ,7117553    ,679316    ,4.26
quickcheck                         ,4260620    ,406229    ,4.26
tower-http                         ,18119634   ,1728064   ,4.26
actix-macros                       ,4767173    ,453065    ,4.27
chrono-tz                          ,8287594    ,786559    ,4.28
nanorand                           ,5597175    ,530682    ,4.28
tokio-retry                        ,5829234    ,552782    ,4.28
chrono-tz-build                    ,8202564    ,776284    ,4.29
rust_decimal                       ,7303837    ,692004    ,4.29
kv-log-macro                       ,6625777    ,624212    ,4.31
comfy-table                        ,6505971    ,612383    ,4.32
stringprep                         ,9738556    ,915609    ,4.32
seahash                            ,8124000    ,756431    ,4.36
aws-smithy-eventstream             ,4463022    ,414872    ,4.37
lz4_flex                           ,7526118    ,698939    ,4.37
dotenvy                            ,8741630    ,810801    ,4.38
ntapi                              ,6098127    ,566168    ,4.38
snap                               ,7151012    ,661462    ,4.39
ptr_meta                           ,9930447    ,917141    ,4.40
ptr_meta_derive                    ,9929698    ,917241    ,4.40
prost-build                        ,19593985   ,1798827   ,4.43
tonic-health                       ,6097201    ,556997    ,4.45
structopt                          ,4551619    ,413519    ,4.47
handlebars                         ,5327766    ,483486    ,4.48
hyper-timeout                      ,20106830   ,1824036   ,4.48
structopt-derive                   ,4544139    ,411850    ,4.48
tonic                              ,20349915   ,1846066   ,4.48
flume                              ,12686042   ,1147413   ,4.49
smartstring                        ,4692216    ,424517    ,4.49
tonic-build                        ,14728401   ,1332938   ,4.49
widestring                         ,5698249    ,515360    ,4.49
deadpool-runtime                   ,7418896    ,669053    ,4.50
deadpool                           ,8005224    ,721398    ,4.51
futures-intrusive                  ,7276768    ,655800    ,4.51
simple_logger                      ,3847978    ,346061    ,4.52
resolv-conf                        ,6408296    ,574249    ,4.53
aws-smithy-checksums               ,4075689    ,363935    ,4.55
opentelemetry-http                 ,8094152    ,722304    ,4.55
arrow-buffer                       ,5679340    ,505572    ,4.56
arrow-schema                       ,5726745    ,510267    ,4.56
aws-sdk-s3                         ,4196885    ,374244    ,4.56
arrow-data                         ,5672535    ,504213    ,4.57
local-channel                      ,4583398    ,407143    ,4.57
local-waker                        ,4581804    ,407071    ,4.57
arrow-array                        ,5666915    ,503168    ,4.58
opentelemetry_sdk                  ,13037368   ,1157070   ,4.58
sqlx                               ,7170932    ,636514    ,4.58
sqlx-macros                        ,7121709    ,630735    ,4.59
arrow-cast                         ,5647013    ,497248    ,4.61
arrow-select                       ,5650177    ,497628    ,4.61
opentelemetry                      ,14661205   ,1292448   ,4.61
sqlx-core                          ,7212008    ,635465    ,4.61
arrow-ipc                          ,5543089    ,485027    ,4.64
typed-builder                      ,7338979    ,642125    ,4.64
fancy-regex                        ,11989623   ,1045053   ,4.66
gloo-timers                        ,7145298    ,620422    ,4.68
opentelemetry-semantic-conventions ,8334529    ,722029    ,4.69
lexical-parse-float                ,8647403    ,746710    ,4.70
lexical-parse-integer              ,8648099    ,746791    ,4.70
lexical-util                       ,8650236    ,747167    ,4.70
flatbuffers                        ,5882302    ,507538    ,4.71
json-patch                         ,5917400    ,505925    ,4.75
sqlx-macros-core                   ,6878217    ,588799    ,4.75
thrift                             ,5798506    ,496183    ,4.75
sqlx-mysql                         ,6732825    ,574536    ,4.76
compact_str                        ,7315327    ,622841    ,4.77
lz4                                ,4685191    ,399113    ,4.77
sqlx-postgres                      ,6861291    ,584603    ,4.77
sqlx-sqlite                        ,6855535    ,583198    ,4.78
tracing-opentelemetry              ,12237560   ,1038625   ,4.79
tracing-futures                    ,6834738    ,578916    ,4.80
integer-encoding                   ,7103513    ,596156    ,4.84
tokio-test                         ,4443498    ,372591    ,4.84
md5                                ,6949552    ,582366    ,4.85
cadence                            ,5159206    ,429513    ,4.88
tokio-io-timeout                   ,8064890    ,668602    ,4.90
multer                             ,6603054    ,538487    ,4.98
aliasable                          ,3970256    ,319421    ,5.05
if_chain                           ,3348678    ,268698    ,5.06
fragile                            ,8479172    ,678822    ,5.07
match_cfg                          ,6253380    ,497131    ,5.11
pretty_env_logger                  ,3118050    ,247126    ,5.13
enum-ordinalize                    ,5184878    ,407890    ,5.16
headers                            ,9651531    ,760130    ,5.16
backoff                            ,7109047    ,558786    ,5.17
axum-macros                        ,9063940    ,711036    ,5.18
downcast                           ,8312520    ,652315    ,5.18
secrecy                            ,10880666   ,854102    ,5.18
headers-core                       ,9581704    ,750698    ,5.19
jni                                ,11664531   ,903095    ,5.25
raw-cpuid                          ,9347803    ,712721    ,5.33
crc32c                             ,6203954    ,471924    ,5.34
chunked_transfer                   ,3525946    ,265073    ,5.40
mockall                            ,9973316    ,731949    ,5.54
mockall_derive                     ,9945562    ,728189    ,5.55
lru-cache                          ,6164039    ,447410    ,5.60
rdrand                             ,3172487    ,229056    ,5.63
fuchsia-cprng                      ,3150164    ,225898    ,5.67
trust-dns-proto                    ,3605625    ,255852    ,5.73
governor                           ,4684740    ,331548    ,5.74
humantime-serde                    ,4414705    ,310436    ,5.78
nonzero_ext                        ,4628029    ,323876    ,5.81
ipnetwork                          ,5310866    ,367438    ,5.87
sqlformat                          ,4313098    ,295741    ,5.92
sqlparser                          ,6996056    ,479139    ,5.93
opentelemetry-proto                ,8324266    ,569397    ,5.94
opentelemetry-otlp                 ,8049281    ,549597    ,5.95
quanta                             ,8773426    ,596885    ,5.97
educe                              ,7083329    ,478439    ,6.01
no-std-compat                      ,4524543    ,305361    ,6.02
object_store                       ,6389146    ,428469    ,6.06
sketches-ddsketch                  ,4950145    ,331381    ,6.07
ipconfig                           ,3910867    ,252487    ,6.29
trust-dns-resolver                 ,3339348    ,210423    ,6.45
tempdir                            ,3190876    ,199649    ,6.49
ouroboros                          ,5774099    ,360592    ,6.51
ouroboros_macro                    ,5754438    ,356662    ,6.55
librocksdb-sys                     ,3658364    ,202584    ,7.34
rocksdb                            ,3654780    ,201205    ,7.38
mach                               ,3149841    ,172755    ,7.41
metrics                            ,6407682    ,339570    ,7.67
opentelemetry_api                  ,1749946    ,89639     ,7.93
metrics-util                       ,5696846    ,261035    ,8.87
jsonpath-rust                      ,7820463    ,354292    ,8.97
fraction                           ,5943813    ,258175    ,9.35
retain_mut                         ,2730719    ,114647    ,9.68
jsonschema                         ,6329667    ,246262    ,10.44
